"","Gene","Category"
"1","RNA5SP490","PGBObyQGBO"
"2","MIR3193","PGBObyQGBO"
"3","VN1R108P","PGBObyQGBO"
"4","MIR4734","PGBObyQGBO"
"5","AL022334.2","PGBObyQGBO"
"6","AC004233.4","PGBObyQGBO"
"7","LENEP","PGBObyQGBO"
"8","AL590095.2","PGBObyQGBO"
"9","IGLV1-51","PGBObyQGBO"
"10","AL008707.1","PGBObyQGBO"
"11","RPS29P10","PGBObyQGBO"
"12","MIR3188","PGBObyQGBO"
"13","RF00612","PGBObyQGBO"
"14","MIR4678","PGBObyQGBO"
"15","RNVU1-7","PGBObyQGBO"
"16","MRPS18CP6","PGBObyQGBO"
"17","AC009570.1","PGBObyQGBO"
"18","AP003355.3","PGBObyQGBO"
"19","RNU6ATAC26P","PGBObyQGBO"
"20","RPL29P19","PGBObyQGBO"
"21","RPL12P42","PGBObyQGBO"
"22","AC245452.2","PGBObyQGBO"
"23","RNU6-705P","PGBObyQGBO"
"24","AL160175.1","PGBObyQGBO"
"25","MTCO2P17","PGBObyQGBO"
"26","AC073352.1","PGBObyQGBO"
"27","AC005355.2","PGBObyQGBO"
"28","AC122688.1","PGBObyQGBO"
"29","HIST1H4A","PGBObyQGBO"
"30","MIR219A1","PGBObyQGBO"
"31","AC067747.1","PGBObyQGBO"
"32","TAF9P3","PGBObyQGBO"
"33","RPL12P8","PGBObyQGBO"
"34","AC104118.1","PGBObyQGBO"
"35","ZNF603P","PGBObyQGBO"
"36","RN7SL804P","PGBObyQGBO"
"37","AC090281.1","PGBObyQGBO"
"38","AL451107.1","PGBObyQGBO"
"39","ITPR1-AS1","PGBObyQGBO"
"40","AC099066.3","PGBObyQGBO"
"41","RNU6-662P","PGBObyQGBO"
"42","AC133552.4","PGBObyQGBO"
"43","AC104073.2","PGBObyQGBO"
"44","RPS2P4","PGBObyQGBO"
"45","AC018558.2","PGBObyQGBO"
"46","INTS6L-AS1","PGBObyQGBO"
"47","NPTX1","PGBObyQGBO"
"48","AL603825.1","PGBObyQGBO"
"49","Z96811.1","PGBObyQGBO"
"50","AC012354.2","PGBObyQGBO"
"51","HYI-AS1","PGBObyQGBO"
"52","IFITM4P","PGBObyQGBO"
"53","RNU6-177P","PGBObyQGBO"
"54","RNU6-31P","PGBObyQGBO"
"55","VTRNA1-3","PGBObyQGBO"
"56","RF00136","PGBObyQGBO"
"57","AC005363.2","PGBObyQGBO"
"58","SELENOTP1","PGBObyQGBO"
"59","RNU6-781P","PGBObyQGBO"
"60","VN1R87P","PGBObyQGBO"
"61","IFITM5","PGBObyQGBO"
"62","RPL21P32","PGBObyQGBO"
"63","SPP1","PGBObyQGBO"
"64","AL627309.6","PGBObyQGBO"
"65","RN7SL316P","PGBObyQGBO"
"66","AL391840.1","PGBObyQGBO"
"67","AC136475.6","PGBObyQGBO"
"68","AC131235.4","PGBObyQGBO"
"69","ERICD","PGBObyQGBO"
"70","GAPDHP22","PGBObyQGBO"
"71","TMPOP2","PGBObyQGBO"
"72","AC113608.1","PGBObyQGBO"
"73","AL732618.1","PGBObyQGBO"
"74","AL353608.2","PGBObyQGBO"
"75","AC007952.4","PGBObyQGBO"
"76","AC093844.1","PGBObyQGBO"
"77","AC090192.1","PGBObyQGBO"
"78","AC090589.1","PGBObyQGBO"
"79","AC078842.1","PGBObyQGBO"
"80","RF00432","PGBObyQGBO"
"81","AC005674.2","PGBObyQGBO"
"82","AL158211.3","PGBObyQGBO"
"83","KIAA0040","PGBObyQGBO"
"84","AL356512.1","PGBObyQGBO"
"85","AP006545.2","PGBObyQGBO"
"86","TRBV7-3","PGBObyQGBO"
"87","AC106785.2","PGBObyQGBO"
"88","AP006547.1","PGBObyQGBO"
"89","FRG2","PGBObyQGBO"
"90","RN7SL568P","PGBObyQGBO"
"91","AL049775.1","PGBObyQGBO"
"92","RN7SL868P","PGBObyQGBO"
"93","CDC42P4","PGBObyQGBO"
"94","RPL6P8","PGBObyQGBO"
"95","AP003973.2","PGBObyQGBO"
"96","MYC","PGBObyQGBO"
"97","AL158151.4","PGBObyQGBO"
"98","AL355472.4","PGBObyQGBO"
"99","DOCK9-AS2","PGBObyQGBO"
"100","AL121983.1","PGBObyQGBO"
"101","GEM","PGBObyQGBO"
"102","AC025423.3","PGBObyQGBO"
"103","CEMIP","PGBObyQGBO"
"104","AC020551.1","PGBObyQGBO"
"105","AC073389.3","PGBObyQGBO"
"106","AC004854.1","PGBObyQGBO"
"107","NFU1P2","PGBObyQGBO"
"108","RPL21P89","PGBObyQGBO"
"109","AC012462.3","PGBObyQGBO"
"110","AC104333.3","PGBObyQGBO"
"111","AL121723.1","PGBObyQGBO"
"112","CLIC4P3","PGBObyQGBO"
"113","TAGLN","PGBObyQGBO"
"114","USP46-AS1","PGBObyQGBO"
"115","CHL1-AS2","PGBObyQGBO"
"116","Z97653.2","PGBObyQGBO"
"117","AC136475.9","PGBObyQGBO"
"118","AC008972.2","PGBObyQGBO"
"119","RNU6-529P","PGBObyQGBO"
"120","AC032011.1","PGBObyQGBO"
"121","AC003965.1","PGBObyQGBO"
"122","HIST1H3F","PGBObyQGBO"
"123","FLRT2","PGBObyQGBO"
"124","HIST1H2AB","PGBObyQGBO"
"125","AL135744.1","PGBObyQGBO"
"126","LINC01165","PGBObyQGBO"
"127","AC073130.3","PGBObyQGBO"
"128","AHNAK2","PGBObyQGBO"
"129","FAM92A1P1","PGBObyQGBO"
"130","FN1","PGBObyQGBO"
"131","AC091953.2","PGBObyQGBO"
"132","AC015813.7","PGBObyQGBO"
"133","ADRA2A","PGBObyQGBO"
"134","RNU6-925P","PGBObyQGBO"
"135","AC009097.3","PGBObyQGBO"
"136","AC112220.4","PGBObyQGBO"
"137","DBIL5P","PGBObyQGBO"
"138","IL31RA","PGBObyQGBO"
"139","AL365400.2","PGBObyQGBO"
"140","AL163051.1","PGBObyQGBO"
"141","AC079766.1","PGBObyQGBO"
"142","U91328.3","PGBObyQGBO"
"143","AL590652.1","PGBObyQGBO"
"144","AC062029.1","PGBObyQGBO"
"145","AC008622.2","PGBObyQGBO"
"146","TPBG","PGBObyQGBO"
"147","AC006012.1","PGBObyQGBO"
"148","LINC02300","PGBObyQGBO"
"149","CHST1","PGBObyQGBO"
"150","AL391262.1","PGBObyQGBO"
"151","LINC01711","PGBObyQGBO"
"152","AC092645.1","PGBObyQGBO"
"153","THBS1","PGBObyQGBO"
"154","GFAP","PGBObyQGBO"
"155","AC096734.2","PGBObyQGBO"
"156","AC079906.1","PGBObyQGBO"
"157","NUFIP1P","PGBObyQGBO"
"158","LINC00324","PGBObyQGBO"
"159","AC107081.1","PGBObyQGBO"
"160","CLK2P1","PGBObyQGBO"
"161","AC010719.1","PGBObyQGBO"
"162","AC104187.1","PGBObyQGBO"
"163","AL137845.2","PGBObyQGBO"
"164","INHBB","PGBObyQGBO"
"165","AC068620.1","PGBObyQGBO"
"166","AL512303.1","PGBObyQGBO"
"167","AL513320.1","PGBObyQGBO"
"168","MTMR11","PGBObyQGBO"
"169","RPS26P39","PGBObyQGBO"
"170","GRPR","PGBObyQGBO"
"171","AC104785.1","PGBObyQGBO"
"172","ELOCP18","PGBObyQGBO"
"173","AC112503.2","PGBObyQGBO"
"174","CACYBPP3","PGBObyQGBO"
"175","NXPH3","PGBObyQGBO"
"176","HIST1H1T","PGBObyQGBO"
"177","AC108475.1","PGBObyQGBO"
"178","RASAL2-AS1","PGBObyQGBO"
"179","AC008785.1","PGBObyQGBO"
"180","LINC02560","PGBObyQGBO"
"181","AL355297.3","PGBObyQGBO"
"182","PECAM1","PGBObyQGBO"
"183","AC008555.8","PGBObyQGBO"
"184","AC090229.1","PGBObyQGBO"
"185","MEG3","PGBObyQGBO"
"186","PAN3-AS1","PGBObyQGBO"
"187","AC021321.1","PGBObyQGBO"
"188","AL161658.1","PGBObyQGBO"
"189","RARRES2P10","PGBObyQGBO"
"190","ITGA10","PGBObyQGBO"
"191","NCOA7","PGBObyQGBO"
"192","AC005013.1","PGBObyQGBO"
"193","AL122001.1","PGBObyQGBO"
"194","TRBV26OR9-2","PGBObyQGBO"
"195","C3orf80","PGBObyQGBO"
"196","IQCN","PGBObyQGBO"
"197","AL023806.1","PGBObyQGBO"
"198","AC009486.1","PGBObyQGBO"
"199","PBX2P1","PGBObyQGBO"
"200","AL449106.1","PGBObyQGBO"
"201","AL157700.1","PGBObyQGBO"
"202","AC069234.4","PGBObyQGBO"
"203","RNA5SP530","PGBObyQGBO"
"204","MIR27A","PGBObyQGBO"
"205","MIR23A","PGBObyQGBO"
"206","SYNGR3","PGBObyQGBO"
"207","TCIM","PGBObyQGBO"
"208","MYL12BP1","PGBObyQGBO"
"209","MTND4LP1","PGBObyQGBO"
"210","AP000866.2","PGBObyQGBO"
"211","EIF3KP1","PGBObyQGBO"
"212","AP003071.4","PGBObyQGBO"
"213","AP002364.1","PGBObyQGBO"
"214","MIR222HG","PGBObyQGBO"
"215","AL022334.1","PGBObyQGBO"
"216","AMIGO2","PGBObyQGBO"
"217","CAVIN3","PGBObyQGBO"
"218","UBE2FP3","PGBObyQGBO"
"219","AC092919.2","PGBObyQGBO"
"220","AP001330.5","PGBObyQGBO"
"221","RN7SL231P","PGBObyQGBO"
"222","OSCAR","PGBObyQGBO"
"223","RASD1","PGBObyQGBO"
"224","SYNE3","PGBObyQGBO"
"225","NT5E","PGBObyQGBO"
"226","AC145207.9","PGBObyQGBO"
"227","AC245884.10","PGBObyQGBO"
"228","AC092653.1","PGBObyQGBO"
"229","AL591926.1","PGBObyQGBO"
"230","TMEM200A","PGBObyQGBO"
"231","AC008806.1","PGBObyQGBO"
"232","LINC02577","PGBObyQGBO"
"233","F2RL1","PGBObyQGBO"
"234","CHGB","PGBObyQGBO"
"235","KRT18P14","PGBObyQGBO"
"236","DDTL","PGBObyQGBO"
"237","AC026471.6","PGBObyQGBO"
"238","AC090337.1","PGBObyQGBO"
"239","PTGS1","PGBObyQGBO"
"240","OR13J1","PGBObyQGBO"
"241","AC010186.3","PGBObyQGBO"
"242","CAV1","PGBObyQGBO"
"243","HIST1H4PS1","PGBObyQGBO"
"244","IER3","PGBObyQGBO"
"245","AL021392.1","PGBObyQGBO"
"246","RNVU1-19","PGBObyQGBO"
"247","GAPDHP70","PGBObyQGBO"
"248","MIR100HG","PGBObyQGBO"
"249","AC023141.2","PGBObyQGBO"
"250","NDUFB11P1","PGBObyQGBO"
"251","PLEKHH2","PGBObyQGBO"
"252","AC026367.3","PGBObyQGBO"
"253","KLF5","PGBObyQGBO"
"254","MLLT10P2","PGBObyQGBO"
"255","AC012213.1","PGBObyQGBO"
"256","AP005233.2","PGBObyQGBO"
"257","SPARCL1","PGBObyQGBO"
"258","RAB24","PGBObyQGBO"
"259","EMP1","PGBObyQGBO"
"260","AC244102.1","PGBObyQGBO"
"261","RPL31P63","PGBObyQGBO"
"262","AL391422.1","PGBObyQGBO"
"263","SUGT1P1","PGBObyQGBO"
"264","EIF3LP3","PGBObyQGBO"
"265","SNED1","PGBObyQGBO"
"266","TAL2","PGBObyQGBO"
"267","PHKA1P1","PGBObyQGBO"
"268","MTCO1P40","PGBObyQGBO"
"269","AC117402.1","PGBObyQGBO"
"270","PRDM8","PGBObyQGBO"
"271","AL138688.2","PGBObyQGBO"
"272","ULBP1","PGBObyQGBO"
"273","AC022400.4","PGBObyQGBO"
"274","AC093382.1","PGBObyQGBO"
"275","Z99129.4","PGBObyQGBO"
"276","AC245014.3","PGBObyQGBO"
"277","AC093278.1","PGBObyQGBO"
"278","AC004854.2","PGBObyQGBO"
"279","VIPR1","PGBObyQGBO"
"280","AC016396.1","PGBObyQGBO"
"281","AC006058.1","PGBObyQGBO"
"282","SPATA25","PGBObyQGBO"
"283","AP005431.1","PGBObyQGBO"
"284","RPSAP46","PGBObyQGBO"
"285","LTBP2","PGBObyQGBO"
"286","AC107214.1","PGBObyQGBO"
"287","AC008494.1","PGBObyQGBO"
"288","AL137918.1","PGBObyQGBO"
"289","UTRN","PGBObyQGBO"
"290","AC078993.1","PGBObyQGBO"
"291","SCG2","PGBObyQGBO"
"292","PXK","PGBObyQGBO"
"293","MYOF","PGBObyQGBO"
"294","DLK1","PGBObyQGBO"
"295","AC092171.4","PGBObyQGBO"
"296","ARHGAP29","PGBObyQGBO"
"297","AL391811.1","PGBObyQGBO"
"298","ITGA3","PGBObyQGBO"
"299","AC003084.1","PGBObyQGBO"
"300","TSSK3","PGBObyQGBO"
"301","NPAS2","PGBObyQGBO"
"302","PRSS23","PGBObyQGBO"
"303","FOSL2","PGBObyQGBO"
"304","RN7SL471P","PGBObyQGBO"
"305","AL590004.4","PGBObyQGBO"
"306","AC104971.1","PGBObyQGBO"
"307","ZNF502","PGBObyQGBO"
"308","LINC00601","PGBObyQGBO"
"309","AC008443.4","PGBObyQGBO"
"310","AL121895.2","PGBObyQGBO"
"311","CLEC2D","PGBObyQGBO"
"312","RNF39","PGBObyQGBO"
"313","AC092580.2","PGBObyQGBO"
"314","SERPINE2","PGBObyQGBO"
"315","MYO15B","PGBObyQGBO"
"316","TFAP2C","PGBObyQGBO"
"317","CYP2D7","PGBObyQGBO"
"318","NRP2","PGBObyQGBO"
"319","CYP27C1","PGBObyQGBO"
"320","NEURL2","PGBObyQGBO"
"321","Z93241.1","PGBObyQGBO"
"322","RN7SL50P","PGBObyQGBO"
"323","MAGEA1","PGBObyQGBO"
"324","ACTA1","PGBObyQGBO"
"325","AC107214.2","PGBObyQGBO"
"326","AL359541.1","PGBObyQGBO"
"327","AC109326.1","PGBObyQGBO"
"328","C19orf18","PGBObyQGBO"
"329","AL138820.1","PGBObyQGBO"
"330","AC006329.2","PGBObyQGBO"
"331","AC002069.1","PGBObyQGBO"
"332","TIGD7","PGBObyQGBO"
"333","ADRB2","PGBObyQGBO"
"334","SVIL","PGBObyQGBO"
"335","GLIPR1","PGBObyQGBO"
"336","AC009159.3","PGBObyQGBO"
"337","AL590135.1","PGBObyQGBO"
"338","SPEF1","PGBObyQGBO"
"339","AL096840.1","PGBObyQGBO"
"340","AL596442.2","PGBObyQGBO"
"341","CYP4V2","PGBObyQGBO"
"342","NAT16","PGBObyQGBO"
"343","SAMD9","PGBObyQGBO"
"344","THUMPD3-AS1","PGBObyQGBO"
"345","AC073210.1","PGBObyQGBO"
"346","CD109","PGBObyQGBO"
"347","ABCC3","PGBObyQGBO"
"348","MEG9","PGBObyQGBO"
"349","GPRC5A","PGBObyQGBO"
"350","RNU2-17P","PGBObyQGBO"
"351","IGFBP3","PGBObyQGBO"
"352","AL583856.2","PGBObyQGBO"
"353","FSTL1","PGBObyQGBO"
"354","GLTPD2","PGBObyQGBO"
"355","LBX2","PGBObyQGBO"
"356","AL022069.1","PGBObyQGBO"
"357","AL136380.1","PGBObyQGBO"
"358","TMEM200B","PGBObyQGBO"
"359","LINC01126","PGBObyQGBO"
"360","TYMP","PGBObyQGBO"
"361","YPEL3","PGBObyQGBO"
"362","OVOL3","PGBObyQGBO"
"363","CBX1P1","PGBObyQGBO"
"364","AC103982.1","PGBObyQGBO"
"365","AC245140.3","PGBObyQGBO"
"366","AC002384.1","PGBObyQGBO"
"367","RPS17P2","PGBObyQGBO"
"368","AC079780.1","PGBObyQGBO"
"369","AC068338.3","PGBObyQGBO"
"370","AC013400.1","PGBObyQGBO"
"371","GPR68","PGBObyQGBO"
"372","BNIP3P4","PGBObyQGBO"
"373","LINC01583","PGBObyQGBO"
"374","SERPINE1","PGBObyQGBO"
"375","YTHDC2","PGBObyQGBO"
"376","AC132938.1","PGBObyQGBO"
"377","ACHE","PGBObyQGBO"
"378","AC234775.2","PGBObyQGBO"
"379","AC025161.1","PGBObyQGBO"
"380","AC112220.2","PGBObyQGBO"
"381","Z73965.1","PGBObyQGBO"
"382","AC106897.1","PGBObyQGBO"
"383","HLA-DRA","PGBObyQGBO"
"384","DNAJC5G","PGBObyQGBO"
"385","AP000802.1","PGBObyQGBO"
"386","LINC00235","PGBObyQGBO"
"387","LINC01389","PGBObyQGBO"
"388","AC231981.1","PGBObyQGBO"
"389","AC069224.1","PGBObyQGBO"
"390","SLC1A3","PGBObyQGBO"
"391","ABTB1","PGBObyQGBO"
"392","RF00003","PGBObyQGBO"
"393","B3GNT7","PGBObyQGBO"
"394","HIGD1B","PGBObyQGBO"
"395","BX323046.1","PGBObyQGBO"
"396","MBLAC1","PGBObyQGBO"
"397","AC099552.4","PGBObyQGBO"
"398","FAM105A","PGBObyQGBO"
"399","ADAMTS9","PGBObyQGBO"
"400","AL024498.1","PGBObyQGBO"
"401","AL353807.4","PGBObyQGBO"
"402","AC115522.1","PGBObyQGBO"
"403","HMCN1","PGBObyQGBO"
"404","VN1R84P","PGBObyQGBO"
"405","AC017071.1","PGBObyQGBO"
"406","CDKN1A","PGBObyQGBO"
"407","RPL23AP97","PGBObyQGBO"
"408","PTCHD4","PGBObyQGBO"
"409","RPL34P6","PGBObyQGBO"
"410","MRGPRF","PGBObyQGBO"
"411","CTNNBIP1","PGBObyQGBO"
"412","A2M","PGBObyQGBO"
"413","AC091932.4","PGBObyQGBO"
"414","TMEM92-AS1","PGBObyQGBO"
"415","AL162727.1","PGBObyQGBO"
"416","SNHG10","PGBObyQGBO"
"417","AC006210.2","PGBObyQGBO"
"418","PLXNA1","PGBObyQGBO"
"419","AC025176.1","PGBObyQGBO"
"420","BVES","PGBObyQGBO"
"421","AC026979.3","PGBObyQGBO"
"422","AC098614.1","PGBObyQGBO"
"423","LETM2","PGBObyQGBO"
"424","AC023762.1","PGBObyQGBO"
"425","AL365181.2","PGBObyQGBO"
"426","AP000873.2","PGBObyQGBO"
"427","HIST1H4H","PGBObyQGBO"
"428","AF131216.2","PGBObyQGBO"
"429","AC087741.3","PGBObyQGBO"
"430","ZNF582-AS1","PGBObyQGBO"
"431","GIPR","PGBObyQGBO"
"432","AL358933.1","PGBObyQGBO"
"433","AC008074.3","PGBObyQGBO"
"434","AL354702.1","PGBObyQGBO"
"435","HEXA-AS1","PGBObyQGBO"
"436","AL513550.1","PGBObyQGBO"
"437","AC020916.1","PGBObyQGBO"
"438","AC087239.1","PGBObyQGBO"
"439","ZMYND15","PGBObyQGBO"
"440","UBA7","PGBObyQGBO"
"441","AC245014.1","PGBObyQGBO"
"442","AL136379.1","PGBObyQGBO"
"443","AL683842.1","PGBObyQGBO"
"444","SAMD3","PGBObyQGBO"
"445","Z69890.1","PGBObyQGBO"
"446","AL390195.1","PGBObyQGBO"
"447","HIST2H3D","PGBObyQGBO"
"448","AC098614.4","PGBObyQGBO"
"449","OLFML2A","PGBObyQGBO"
"450","AL008582.1","PGBObyQGBO"
"451","TFCP2L1","PGBObyQGBO"
"452","SPATA8","PGBObyQGBO"
"453","RNF19A","PGBObyQGBO"
"454","AC018450.1","PGBObyQGBO"
"455","CRYBG1","PGBObyQGBO"
"456","VGF","PGBObyQGBO"
"457","AC138969.1","PGBObyQGBO"
"458","AL591438.2","PGBObyQGBO"
"459","AF213884.3","PGBObyQGBO"
"460","FBLL1","PGBObyQGBO"
"461","MIPEPP3","PGBObyQGBO"
"462","AC005776.1","PGBObyQGBO"
"463","AL365203.2","PGBObyQGBO"
"464","RASL11B","PGBObyQGBO"
"465","ZNF304","PGBObyQGBO"
"466","AC004816.2","PGBObyQGBO"
"467","TACC1","PGBObyQGBO"
"468","AP000223.1","PGBObyQGBO"
"469","RIPPLY2","PGBObyQGBO"
"470","KIAA0513","PGBObyQGBO"
"471","ITGAV","PGBObyQGBO"
"472","PDGFA","PGBObyQGBO"
"473","TMEM87B","PGBObyQGBO"
"474","ZNF804B","PGBObyQGBO"
"475","AXL","PGBObyQGBO"
"476","AC006252.1","PGBObyQGBO"
"477","VAMP1","PGBObyQGBO"
"478","SYNC","PGBObyQGBO"
"479","AL133367.1","PGBObyQGBO"
"480","MT2P1","PGBObyQGBO"
"481","MAFB","PGBObyQGBO"
"482","TMEM63A","PGBObyQGBO"
"483","SSTR5","PGBObyQGBO"
"484","AL359263.1","PGBObyQGBO"
"485","OSMR","PGBObyQGBO"
"486","AC025048.2","PGBObyQGBO"
"487","OGFOD1P1","PGBObyQGBO"
"488","RHBDF1","PGBObyQGBO"
"489","SLC10A5","PGBObyQGBO"
"490","CELSR3-AS1","PGBObyQGBO"
"491","PLAUR","PGBObyQGBO"
"492","ACTRT3","PGBObyQGBO"
"493","AC110769.2","PGBObyQGBO"
"494","MIS18A-AS1","PGBObyQGBO"
"495","AL121906.1","PGBObyQGBO"
"496","ACTBP9","PGBObyQGBO"
"497","TMEM59L","PGBObyQGBO"
"498","ECM1","PGBObyQGBO"
"499","TMEM9B-AS1","PGBObyQGBO"
"500","NRIP3","PGBObyQGBO"
"501","RNU4-2","PGBObyQGBO"
"502","AC010491.1","PGBObyQGBO"
"503","ACAP1","PGBObyQGBO"
"504","MIR3178","PGBObyQGBO"
"505","AL133406.3","PGBObyQGBO"
"506","COL4A1","PGBObyQGBO"
"507","ARSJ","PGBObyQGBO"
"508","AL359510.2","PGBObyQGBO"
"509","AC073911.2","PGBObyQGBO"
"510","LDHD","PGBObyQGBO"
"511","AC004771.3","PGBObyQGBO"
"512","C3orf70","PGBObyQGBO"
"513","NPPA-AS1","PGBObyQGBO"
"514","NOXA1","PGBObyQGBO"
"515","AC116565.2","PGBObyQGBO"
"516","STX1A","PGBObyQGBO"
"517","AC092681.3","PGBObyQGBO"
"518","WEE2-AS1","PGBObyQGBO"
"519","AP001107.5","PGBObyQGBO"
"520","B4GALT6","PGBObyQGBO"
"521","AL161935.3","PGBObyQGBO"
"522","AC007823.1","PGBObyQGBO"
"523","AL135791.1","PGBObyQGBO"
"524","AC117498.3","PGBObyQGBO"
"525","HIST1H2BD","PGBObyQGBO"
"526","AC012512.1","PGBObyQGBO"
"527","PROX1","PGBObyQGBO"
"528","TNC","PGBObyQGBO"
"529","HNRNPCP7","PGBObyQGBO"
"530","AC093162.2","PGBObyQGBO"
"531","AC108134.4","PGBObyQGBO"
"532","SPOCD1","PGBObyQGBO"
"533","AL133551.1","PGBObyQGBO"
"534","AL096677.1","PGBObyQGBO"
"535","TCEAL2","PGBObyQGBO"
"536","NPR1","PGBObyQGBO"
"537","ZNF572","PGBObyQGBO"
"538","LINC01686","PGBObyQGBO"
"539","ITGA6","PGBObyQGBO"
"540","FBXO32","PGBObyQGBO"
"541","AL844170.1","PGBObyQGBO"
"542","SYNM","PGBObyQGBO"
"543","FREM2","PGBObyQGBO"
"544","AL023803.1","PGBObyQGBO"
"545","SASH1","PGBObyQGBO"
"546","AC008969.1","PGBObyQGBO"
"547","SYNJ2","PGBObyQGBO"
"548","RPL23AP95","PGBObyQGBO"
"549","AC116407.2","PGBObyQGBO"
"550","COL7A1","PGBObyQGBO"
"551","VMP1","PGBObyQGBO"
"552","AL159169.2","PGBObyQGBO"
"553","RGS17","PGBObyQGBO"
"554","NGEF","PGBObyQGBO"
"555","BCL2A1","PGBObyQGBO"
"556","AC006480.2","PGBObyQGBO"
"557","HAP1","PGBObyQGBO"
"558","FOSL1","PGBObyQGBO"
"559","PAXIP1-AS2","PGBObyQGBO"
"560","AL390728.4","PGBObyQGBO"
"561","LINC00654","PGBObyQGBO"
"562","TPM1","PGBObyQGBO"
"563","TTC9B","PGBObyQGBO"
"564","KIAA1671","PGBObyQGBO"
"565","AC027328.1","PGBObyQGBO"
"566","HSPB3","PGBObyQGBO"
"567","CCDC184","PGBObyQGBO"
"568","ZNF334","PGBObyQGBO"
"569","AC112220.3","PGBObyQGBO"
"570","AL121574.1","PGBObyQGBO"
"571","ARHGAP27P1-BPTFP1-KPNA2P3","PGBObyQGBO"
"572","AC091932.1","PGBObyQGBO"
"573","ABHD2","PGBObyQGBO"
"574","ZFX-AS1","PGBObyQGBO"
"575","AC107021.2","PGBObyQGBO"
"576","HDAC9","PGBObyQGBO"
"577","AP002748.3","PGBObyQGBO"
"578","LAMC1","PGBObyQGBO"
"579","ANGPTL4","PGBObyQGBO"
"580","AC008750.3","PGBObyQGBO"
"581","IL1RAP","PGBObyQGBO"
"582","RDH10","PGBObyQGBO"
"583","FP236383.1","PGBObyQGBO"
"584","CAPG","PGBObyQGBO"
"585","AC098591.1","PGBObyQGBO"
"586","TEX22","PGBObyQGBO"
"587","MICALL2","PGBObyQGBO"
"588","AC021739.3","PGBObyQGBO"
"589","PLXNA4","PGBObyQGBO"
"590","ADM2","PGBObyQGBO"
"591","CMTM6","PGBObyQGBO"
"592","PLPP2","PGBObyQGBO"
"593","ZNF460-AS1","PGBObyQGBO"
"594","SDC4","PGBObyQGBO"
"595","DRAXIN","PGBObyQGBO"
"596","AC105118.1","PGBObyQGBO"
"597","LENG8-AS1","PGBObyQGBO"
"598","KDELR3","PGBObyQGBO"
"599","AC079150.2","PGBObyQGBO"
"600","ZNF337","PGBObyQGBO"
"601","AC012313.5","PGBObyQGBO"
"602","AC007450.2","PGBObyQGBO"
"603","AC004918.1","PGBObyQGBO"
"604","LINC01786","PGBObyQGBO"
"605","ITPR3","PGBObyQGBO"
"606","NAB1","PGBObyQGBO"
"607","VSX1","PGBObyQGBO"
"608","HIPK3","PGBObyQGBO"
"609","AL590428.1","PGBObyQGBO"
"610","LINC02062","PGBObyQGBO"
"611","ACTN1","PGBObyQGBO"
"612","COL18A1","PGBObyQGBO"
"613","CEBPA","PGBObyQGBO"
"614","MEF2A","PGBObyQGBO"
"615","MIR3143","PGBObyQGBO"
"616","RN7SKP160","PGBObyQGBO"
"617","AC141002.1","PGBObyQGBO"
"618","LBX2-AS1","PGBObyQGBO"
"619","AL137003.2","PGBObyQGBO"
"620","AL445228.2","PGBObyQGBO"
"621","ARHGAP12","PGBObyQGBO"
"622","AF111167.2","PGBObyQGBO"
"623","IQGAP3","PGBObyQGBO"
"624","SCT","PGBObyQGBO"
"625","GPNMB","PGBObyQGBO"
"626","AC073195.1","PGBObyQGBO"
"627","RN7SL278P","PGBObyQGBO"
"628","GDF7","PGBObyQGBO"
"629","DLG5-AS1","PGBObyQGBO"
"630","AC005593.1","PGBObyQGBO"
"631","AL355001.2","PGBObyQGBO"
"632","GAS5-AS1","PGBObyQGBO"
"633","SHROOM1","PGBObyQGBO"
"634","AC064875.1","PGBObyQGBO"
"635","AC005180.2","PGBObyQGBO"
"636","ELOA-AS1","PGBObyQGBO"
"637","ITGB8","PGBObyQGBO"
"638","TUBA4A","PGBObyQGBO"
"639","PGM2L1","PGBObyQGBO"
"640","AOC2","PGBObyQGBO"
"641","AC103778.1","PGBObyQGBO"
"642","HOTAIRM1","PGBObyQGBO"
"643","ESAM","PGBObyQGBO"
"644","AL136038.4","PGBObyQGBO"
"645","AL031432.4","PGBObyQGBO"
"646","MISP3","PGBObyQGBO"
"647","AC006058.4","PGBObyQGBO"
"648","IRAK2","PGBObyQGBO"
"649","AL021368.1","PGBObyQGBO"
"650","AL359513.1","PGBObyQGBO"
"651","PIH1D2","PGBObyQGBO"
"652","FOXN3P1","PGBObyQGBO"
"653","RNASEL","PGBObyQGBO"
"654","AC069120.1","PGBObyQGBO"
"655","MIR3671","PGBObyQGBO"
"656","AF196972.1","PGBObyQGBO"
"657","GOLGA2P5","PGBObyQGBO"
"658","METTL27","PGBObyQGBO"
"659","NPIPA8","PGBObyQGBO"
"660","AC131212.4","PGBObyQGBO"
"661","FAM166A","PGBObyQGBO"
"662","PTPRZ1","PGBObyQGBO"
"663","AL158212.4","PGBObyQGBO"
"664","WARS","PGBObyQGBO"
"665","IL17RD","PGBObyQGBO"
"666","EFNB2","PGBObyQGBO"
"667","RPS17P5","PGBObyQGBO"
"668","TNNT1","PGBObyQGBO"
"669","MT-TG","PGBObyQGBO"
"670","CENPK","PGBObyQGBO"
"671","PRRX1","PGBObyQGBO"
"672","SIDT2","PGBObyQGBO"
"673","ZFYVE26","PGBObyQGBO"
"674","MCCD1P2","PGBObyQGBO"
"675","AL354811.1","PGBObyQGBO"
"676","LPP-AS2","PGBObyQGBO"
"677","STEAP3","PGBObyQGBO"
"678","AL137077.2","PGBObyQGBO"
"679","AC048341.1","PGBObyQGBO"
"680","ANKRD28","PGBObyQGBO"
"681","ZNF684","PGBObyQGBO"
"682","MAGEB17","PGBObyQGBO"
"683","AC010654.1","PGBObyQGBO"
"684","DQX1","PGBObyQGBO"
"685","PRRT3-AS1","PGBObyQGBO"
"686","LPXN","PGBObyQGBO"
"687","SNAI2","PGBObyQGBO"
"688","BAIAP3","PGBObyQGBO"
"689","HNRNPA3P12","PGBObyQGBO"
"690","MTND4P9","PGBObyQGBO"
"691","CBX7","PGBObyQGBO"
"692","LAMA4","PGBObyQGBO"
"693","TBX5-AS1","PGBObyQGBO"
"694","ERRFI1","PGBObyQGBO"
"695","PPIAP67","PGBObyQGBO"
"696","MYSM1","PGBObyQGBO"
"697","KLF3","PGBObyQGBO"
"698","AL008723.1","PGBObyQGBO"
"699","PQLC3","PGBObyQGBO"
"700","ZBTB42","PGBObyQGBO"
"701","ACSM4","PGBObyQGBO"
"702","AL118558.3","PGBObyQGBO"
"703","EOGT","PGBObyQGBO"
"704","PLEKHG4B","PGBObyQGBO"
"705","AP002847.1","PGBObyQGBO"
"706","PPM1J","PGBObyQGBO"
"707","ATXN2-AS","PGBObyQGBO"
"708","JAG2","PGBObyQGBO"
"709","SSSCA1-AS1","PGBObyQGBO"
"710","AL080276.2","PGBObyQGBO"
"711","REM2","PGBObyQGBO"
"712","AP4B1","PGBObyQGBO"
"713","ST7-AS1","PGBObyQGBO"
"714","AC142472.1","PGBObyQGBO"
"715","ARHGAP21","PGBObyQGBO"
"716","MSANTD3","PGBObyQGBO"
"717","DGKA","PGBObyQGBO"
"718","AC103746.1","PGBObyQGBO"
"719","AC010201.2","PGBObyQGBO"
"720","CD44","PGBObyQGBO"
"721","CCNK","PGBObyQGBO"
"722","AC099791.2","PGBObyQGBO"
"723","AL691432.2","PGBObyQGBO"
"724","TPP1","PGBObyQGBO"
"725","ATL3","PGBObyQGBO"
"726","AC069213.3","PGBObyQGBO"
"727","PXN","PGBObyQGBO"
"728","ASPDH","PGBObyQGBO"
"729","LCAT","PGBObyQGBO"
"730","SPEG","PGBObyQGBO"
"731","ICOSLG","PGBObyQGBO"
"732","CSRNP1","PGBObyQGBO"
"733","AC211433.2","PGBObyQGBO"
"734","AC004816.1","PGBObyQGBO"
"735","LAMB2","PGBObyQGBO"
"736","MR1","PGBObyQGBO"
"737","MLH1","PGBObyQGBO"
"738","PKD2","PGBObyQGBO"
"739","AC026803.1","PGBObyQGBO"
"740","INCA1","PGBObyQGBO"
"741","ACAD8","PGBObyQGBO"
"742","HIST2H2BD","PGBObyQGBO"
"743","AL731566.2","PGBObyQGBO"
"744","LINC01952","PGBObyQGBO"
"745","AC109454.4","PGBObyQGBO"
"746","WNT5A","PGBObyQGBO"
"747","C22orf46","PGBObyQGBO"
"748","OBSCN-AS1","PGBObyQGBO"
"749","IL11","PGBObyQGBO"
"750","C16orf45","PGBObyQGBO"
"751","ASS1P12","PGBObyQGBO"
"752","AC136632.2","PGBObyQGBO"
"753","VN1R83P","PGBObyQGBO"
"754","LZTS3","PGBObyQGBO"
"755","SLC16A6P1","PGBObyQGBO"
"756","AC017104.5","PGBObyQGBO"
"757","OLFM1","PGBObyQGBO"
"758","LOXL2","PGBObyQGBO"
"759","SERINC2","PGBObyQGBO"
"760","AC103706.1","PGBObyQGBO"
"761","AC023157.3","PGBObyQGBO"
"762","AC109322.1","PGBObyQGBO"
"763","SLC1A4","PGBObyQGBO"
"764","CYBRD1","PGBObyQGBO"
"765","SLFN5","PGBObyQGBO"
"766","SERTAD4","PGBObyQGBO"
"767","AL136040.1","PGBObyQGBO"
"768","COL4A2","PGBObyQGBO"
"769","AL590617.2","PGBObyQGBO"
"770","AL583810.1","PGBObyQGBO"
"771","SHISA8","PGBObyQGBO"
"772","AC016027.1","PGBObyQGBO"
"773","IQCD","PGBObyQGBO"
"774","AC008507.1","PGBObyQGBO"
"775","C14orf132","PGBObyQGBO"
"776","SEC24D","PGBObyQGBO"
"777","AGAP2","PGBObyQGBO"
"778","ATP2B1-AS1","PGBObyQGBO"
"779","CEP170B","PGBObyQGBO"
"780","NPC1","PGBObyQGBO"
"781","VCL","PGBObyQGBO"
"782","AHNAK","PGBObyQGBO"
"783","BTBD3","PGBObyQGBO"
"784","TIPARP","PGBObyQGBO"
"785","AC106739.1","PGBObyQGBO"
"786","IL6ST","PGBObyQGBO"
"787","LPL","PGBObyQGBO"
"788","JAG1","PGBObyQGBO"
"789","AC093458.2","PGBObyQGBO"
"790","AL132821.1","PGBObyQGBO"
"791","WDR36","PGBObyQGBO"
"792","AC092117.1","PGBObyQGBO"
"793","ZNF204P","PGBObyQGBO"
"794","HIST2H2AC","PGBObyQGBO"
"795","CHD1","PGBObyQGBO"
"796","SOX21-AS1","PGBObyQGBO"
"797","AC010201.1","PGBObyQGBO"
"798","LRRC46","PGBObyQGBO"
"799","AC044860.2","PGBObyQGBO"
"800","HSFX1","PGBObyQGBO"
"801","AC245884.8","PGBObyQGBO"
"802","GNG12","PGBObyQGBO"
"803","ZNF852","PGBObyQGBO"
"804","AC073349.2","PGBObyQGBO"
"805","SLC7A5P1","PGBObyQGBO"
"806","LYSMD3","PGBObyQGBO"
"807","AC104695.3","PGBObyQGBO"
"808","ZNF530","PGBObyQGBO"
"809","ARG2","PGBObyQGBO"
"810","MAFF","PGBObyQGBO"
"811","TMEM171","PGBObyQGBO"
"812","AC091153.3","PGBObyQGBO"
"813","CYR61","PGBObyQGBO"
"814","AC092954.1","PGBObyQGBO"
"815","MT-TD","PGBObyQGBO"
"816","AC092171.5","PGBObyQGBO"
"817","AL133325.3","PGBObyQGBO"
"818","MIR24-2","PGBObyQGBO"
"819","DCST2","PGBObyQGBO"
"820","CCDC82","PGBObyQGBO"
"821","ITPRIP","PGBObyQGBO"
"822","SAV1","PGBObyQGBO"
"823","B3GNT9","PGBObyQGBO"
"824","GLT8D2","PGBObyQGBO"
"825","AC133528.1","PGBObyQGBO"
"826","AC099522.2","PGBObyQGBO"
"827","EBF2","PGBObyQGBO"
"828","AL390728.6","PGBObyQGBO"
"829","SLC34A3","PGBObyQGBO"
"830","AL022324.2","PGBObyQGBO"
"831","BOC","PGBObyQGBO"
"832","AP003084.1","PGBObyQGBO"
"833","AC093458.1","PGBObyQGBO"
"834","AL513548.1","PGBObyQGBO"
"835","STK36","PGBObyQGBO"
"836","NAP1L2","PGBObyQGBO"
"837","LYPD5","PGBObyQGBO"
"838","CHRND","PGBObyQGBO"
"839","AC007114.1","PGBObyQGBO"
"840","STOM","PGBObyQGBO"
"841","WDR73","PGBObyQGBO"
"842","AL161909.1","PGBObyQGBO"
"843","LINC01424","PGBObyQGBO"
"844","CCDC84","PGBObyQGBO"
"845","RPL34P34","PGBObyQGBO"
"846","C19orf73","PGBObyQGBO"
"847","PARP9","PGBObyQGBO"
"848","AC068768.1","PGBObyQGBO"
"849","NHLRC3","PGBObyQGBO"
"850","AC006273.1","PGBObyQGBO"
"851","AC099778.1","PGBObyQGBO"
"852","SEL1L","PGBObyQGBO"
"853","AC092653.2","PGBObyQGBO"
"854","CDC42P2","PGBObyQGBO"
"855","LINC01547","PGBObyQGBO"
"856","C1orf162","PGBObyQGBO"
"857","PTAR1","PGBObyQGBO"
"858","AC092375.2","PGBObyQGBO"
"859","ATG16L2","PGBObyQGBO"
"860","AJ011932.1","PGBObyQGBO"
"861","WDR90","PGBObyQGBO"
"862","FAM111A","PGBObyQGBO"
"863","LOXL3","PGBObyQGBO"
"864","CAPRIN2","PGBObyQGBO"
"865","SEMA6C","PGBObyQGBO"
"866","AC091917.3","PGBObyQGBO"
"867","AC113191.1","PGBObyQGBO"
"868","PYGB","PGBObyQGBO"
"869","CLU","PGBObyQGBO"
"870","COL8A2","PGBObyQGBO"
"871","ANXA1","PGBObyQGBO"
"872","PANX2","PGBObyQGBO"
"873","PCDH18","PGBObyQGBO"
"874","HIST1H2BI","PGBObyQGBO"
"875","IRS2","PGBObyQGBO"
"876","AC073046.1","PGBObyQGBO"
"877","ABHD17C","PGBObyQGBO"
"878","PPWD1","PGBObyQGBO"
"879","ZNF425","PGBObyQGBO"
"880","AL109918.1","PGBObyQGBO"
"881","SNORD3A","PGBObyQGBO"
"882","PSMG3-AS1","PGBObyQGBO"
"883","TRIP6","PGBObyQGBO"
"884","KIRREL1","PGBObyQGBO"
"885","AL391422.3","PGBObyQGBO"
"886","AL358074.1","PGBObyQGBO"
"887","PKMP3","PGBObyQGBO"
"888","AC010883.1","PGBObyQGBO"
"889","OPTN","PGBObyQGBO"
"890","AC091042.1","PGBObyQGBO"
"891","ZNF514","PGBObyQGBO"
"892","ENDOD1","PGBObyQGBO"
"893","TNFRSF12A","PGBObyQGBO"
"894","NUPR1","PGBObyQGBO"
"895","PPP1R18","PGBObyQGBO"
"896","U73166.1","PGBObyQGBO"
"897","LTB4R","PGBObyQGBO"
"898","FADD","PGBObyQGBO"
"899","AL021997.2","PGBObyQGBO"
"900","HIST1H2AE","PGBObyQGBO"
"901","AP000553.3","PGBObyQGBO"
"902","PAM","PGBObyQGBO"
"903","MAN1B1-AS1","PGBObyQGBO"
"904","AC018638.1","PGBObyQGBO"
"905","LRRC57","PGBObyQGBO"
"906","GPX3","PGBObyQGBO"
"907","C19orf66","PGBObyQGBO"
"908","IQGAP1","PGBObyQGBO"
"909","MYADM","PGBObyQGBO"
"910","AC239868.1","PGBObyQGBO"
"911","SLC26A2","PGBObyQGBO"
"912","AL354872.2","PGBObyQGBO"
"913","AC005822.1","PGBObyQGBO"
"914","AC008771.1","PGBObyQGBO"
"915","LCMT2","PGBObyQGBO"
"916","C1orf198","PGBObyQGBO"
"917","AC060834.1","PGBObyQGBO"
"918","NDRG1","PGBObyQGBO"
"919","EGR3","PGBObyQGBO"
"920","COL6A2","PGBObyQGBO"
"921","ANKRD10","PGBObyQGBO"
"922","AC093249.6","PGBObyQGBO"
"923","FZD1","PGBObyQGBO"
"924","RNU6-415P","PGBObyQGBO"
"925","ELK3","PGBObyQGBO"
"926","PMAIP1","PGBObyQGBO"
"927","COL5A1","PGBObyQGBO"
"928","PTN","PGBObyQGBO"
"929","ATP13A3","PGBObyQGBO"
"930","EFHD1","PGBObyQGBO"
"931","HIST1H4D","PGBObyQGBO"
"932","KREMEN2","PGBObyQGBO"
"933","AL359091.2","PGBObyQGBO"
"934","AC005076.1","PGBObyQGBO"
"935","EDEM1","PGBObyQGBO"
"936","AC106820.2","PGBObyQGBO"
"937","IBA57-AS1","PGBObyQGBO"
"938","TMPO-AS1","PGBObyQGBO"
"939","AC234782.3","PGBObyQGBO"
"940","AC009108.3","PGBObyQGBO"
"941","KLF4","PGBObyQGBO"
"942","FCHSD1","PGBObyQGBO"
"943","HOXA2","PGBObyQGBO"
"944","HOXC11","PGBObyQGBO"
"945","ID1","PGBObyQGBO"
"946","AC079922.2","PGBObyQGBO"
"947","TFR2","PGBObyQGBO"
"948","KIFC2","PGBObyQGBO"
"949","PARD3-AS1","PGBObyQGBO"
"950","AC010245.2","PGBObyQGBO"
"951","RAB39B","PGBObyQGBO"
"952","CRYAB","PGBObyQGBO"
"953","CHST2","PGBObyQGBO"
"954","DDR2","PGBObyQGBO"
"955","ABHD4","PGBObyQGBO"
"956","FAM20C","PGBObyQGBO"
"957","AC107375.1","PGBObyQGBO"
"958","ARIH2OS","PGBObyQGBO"
"959","TIPARP-AS1","PGBObyQGBO"
"960","TNFRSF21","PGBObyQGBO"
"961","TOR1AIP1","PGBObyQGBO"
"962","AC079807.1","PGBObyQGBO"
"963","HSPA8P13","PGBObyQGBO"
"964","TPM2","PGBObyQGBO"
"965","AC004812.2","PGBObyQGBO"
"966","ULBP2","PGBObyQGBO"
"967","AL023973.1","PGBObyQGBO"
"968","STAT2","PGBObyQGBO"
"969","RBM5","PGBObyQGBO"
"970","AL117335.1","PGBObyQGBO"
"971","S100A10","PGBObyQGBO"
"972","DUSP5P1","PGBObyQGBO"
"973","DUSP4","PGBObyQGBO"
"974","AL117344.1","PGBObyQGBO"
"975","AC117382.2","PGBObyQGBO"
"976","EMB","PGBObyQGBO"
"977","Z97180.1","PGBObyQGBO"
"978","EHBP1L1","PGBObyQGBO"
"979","ZSCAN12P1","PGBObyQGBO"
"980","CAHM","PGBObyQGBO"
"981","AL158212.3","PGBObyQGBO"
"982","C20orf204","PGBObyQGBO"
"983","PRNP","PGBObyQGBO"
"984","AC023509.4","PGBObyQGBO"
"985","AC008115.1","PGBObyQGBO"
"986","RAB2B","PGBObyQGBO"
"987","IFI16","PGBObyQGBO"
"988","NOTCH3","PGBObyQGBO"
"989","ZNF843","PGBObyQGBO"
"990","ZFP36","PGBObyQGBO"
"991","PPP2R5B","PGBObyQGBO"
"992","LMO2","PGBObyQGBO"
"993","SPATA20","PGBObyQGBO"
"994","CITED4","PGBObyQGBO"
"995","AL033527.3","PGBObyQGBO"
"996","NDOR1","PGBObyQGBO"
"997","HIST1H3H","PGBObyQGBO"
"998","SEL1L3","PGBObyQGBO"
"999","SERINC1","PGBObyQGBO"
"1000","APOE","PGBObyQGBO"
"1001","AL021154.1","PGBObyQGBO"
"1002","TGFB1I1","PGBObyQGBO"
"1003","FLOT1","PGBObyQGBO"
"1004","AL603839.4","PGBObyQGBO"
"1005","OLFML2B","PGBObyQGBO"
"1006","CAPN2","PGBObyQGBO"
"1007","LRP1","PGBObyQGBO"
"1008","ACYP1","PGBObyQGBO"
"1009","AC104794.2","PGBObyQGBO"
"1010","SHISA3","PGBObyQGBO"
"1011","NPTXR","PGBObyQGBO"
"1012","KRT8P12","PGBObyQGBO"
"1013","ARRDC3","PGBObyQGBO"
"1014","HIST2H2AA4","PGBObyQGBO"
"1015","LMNA","PGBObyQGBO"
"1016","ZNF319","PGBObyQGBO"
"1017","SOD3","PGBObyQGBO"
"1018","HOXD10","PGBObyQGBO"
"1019","SPARC","PGBObyQGBO"
"1020","EPM2AIP1","PGBObyQGBO"
"1021","HIST1H4B","PGBObyQGBO"
"1022","COL5A2","PGBObyQGBO"
"1023","AL132640.3","PGBObyQGBO"
"1024","LRP10","PGBObyQGBO"
"1025","ANXA5","PGBObyQGBO"
"1026","IQCC","PGBObyQGBO"
"1027","CXCL16","PGBObyQGBO"
"1028","BROX","PGBObyQGBO"
"1029","LINC01219","PGBObyQGBO"
"1030","MPZ","PGBObyQGBO"
"1031","CENPVL3","PGBObyQGBO"
"1032","NES","PGBObyQGBO"
"1033","COMMD2","PGBObyQGBO"
"1034","AC233280.1","PGBObyQGBO"
"1035","FITM1","PGBObyQGBO"
"1036","EHD2","PGBObyQGBO"
"1037","DDR1","PGBObyQGBO"
"1038","PLEC","PGBObyQGBO"
"1039","AL139288.1","PGBObyQGBO"
"1040","DDB2","PGBObyQGBO"
"1041","MT-TS1","PGBObyQGBO"
"1042","AC068870.1","PGBObyQGBO"
"1043","RRAS","PGBObyQGBO"
"1044","SERTAD4-AS1","PGBObyQGBO"
"1045","FTH1P8","PGBObyQGBO"
"1046","DKK3","PGBObyQGBO"
"1047","LINC00377","PGBObyQGBO"
"1048","TUBE1","PGBObyQGBO"
"1049","ZFP36L1","PGBObyQGBO"
"1050","FAM43A","PGBObyQGBO"
"1051","NDUFV2P1","PGBObyQGBO"
"1052","AC008608.2","PGBObyQGBO"
"1053","MRC2","PGBObyQGBO"
"1054","HSD3BP5","PGBObyQGBO"
"1055","FGFR1","PGBObyQGBO"
"1056","FXYD5","PGBObyQGBO"
"1057","AC007541.1","PGBObyQGBO"
"1058","RNY1","PGBObyQGBO"
"1059","CA12","PGBObyQGBO"
"1060","SLC22A17","PGBObyQGBO"
"1061","AL049836.1","PGBObyQGBO"
"1062","TRIB3","PGBObyQGBO"
"1063","KLHDC8B","PGBObyQGBO"
"1064","CTSL","PGBObyQGBO"
"1065","RPS2P32","PGBObyQGBO"
"1066","TRAJ23","PGBObyQGBO"
"1067","AC091953.5","PGBObyQGBO"
"1068","PHLDA2","PGBObyQGBO"
"1069","COL1A1","PGBObyQGBO"
"1070","TSPAN13","PGBObyQGBO"
"1071","RAB43P1","PGBObyQGBO"
"1072","CHTF18","PGBObyQGBO"
"1073","SUN1","PGBObyQGBO"
"1074","CNIH2","PGBObyQGBO"
"1075","MAGEB2","PGBObyQGBO"
"1076","CNN2","PGBObyQGBO"
"1077","PLCD3","PGBObyQGBO"
"1078","SLC27A3","PGBObyQGBO"
"1079","CTSB","PGBObyQGBO"
"1080","AC069234.5","PGBObyQGBO"
"1081","PHLDA1","PGBObyQGBO"
"1082","ADRA2C","PGBObyQGBO"
"1083","AL359715.4","PGBObyQGBO"
"1084","TRIL","PGBObyQGBO"
"1085","AC087741.2","PGBObyQGBO"
"1086","PLPPR2","PGBObyQGBO"
"1087","NPTX2","PGBObyQGBO"
"1088","TCEAL7","PGBObyQGBO"
"1089","AC009414.2","PGBObyQGBO"
"1090","FO393411.1","PGBObyQGBO"
"1091","COL6A1","PGBObyQGBO"
"1092","AEBP1","PGBObyQGBO"
"1093","ZNF688","PGBObyQGBO"
"1094","AC100814.1","PGBObyQGBO"
"1095","AC046185.2","PGBObyQGBO"
"1096","DAPK3","PGBObyQGBO"
"1097","FNDC4","PGBObyQGBO"
"1098","LMF2","PGBObyQGBO"
"1099","RNU6-1091P","PGBObyQGBO"
"1100","EEF1A2","PGBObyQGBO"
"4014","MTRNR2L12","PGBObyQGBO"
"4070","AC097359.1","PGBObyQGBO"
"4115","MRPS5P3","PGBObyQGBO"
"4141","FP236383.3","PGBObyQGBO"
"4186","AL512343.2","PGBObyQGBO"
"4205","AL591926.8","PGBObyQGBO"
"4210","AC027139.2","PGBObyQGBO"
"4261","AC008972.1","PGBObyQGBO"
"4275","AC017079.2","PGBObyQGBO"
"4284","ATOH7","PGBObyQGBO"
"4295","AL391497.1","PGBObyQGBO"
"4302","HIST1H1A","PGBObyQGBO"
"4326","AC083843.3","PGBObyQGBO"
"4334","MC1R","PGBObyQGBO"
"4340","RNU6-30P","PGBObyQGBO"
"4347","RPS23P5","PGBObyQGBO"
"4349","AC010894.5","PGBObyQGBO"
"4364","LYPLA2P2","PGBObyQGBO"
"4390","DGAT2L7P","PGBObyQGBO"
"4392","AL136304.1","PGBObyQGBO"
"4397","AL355480.1","PGBObyQGBO"
"4405","AC012508.2","PGBObyQGBO"
"4412","BX322562.1","PGBObyQGBO"
"4424","AC103923.1","PGBObyQGBO"
"4428","AL645939.2","PGBObyQGBO"
"4429","BDH2P1","PGBObyQGBO"
"4433","AF131216.4","PGBObyQGBO"
"4454","RN7SL76P","PGBObyQGBO"
"4455","AP003774.3","PGBObyQGBO"
"4456","AL390729.2","PGBObyQGBO"
"4461","KCNJ4","PGBObyQGBO"
"4462","OR7E100P","PGBObyQGBO"
"4469","AC015912.3","PGBObyQGBO"
"4480","PRR25","PGBObyQGBO"
"4481","HIST3H3","PGBObyQGBO"
"4485","AC005972.2","PGBObyQGBO"
"4486","TCTEX1D4","PGBObyQGBO"
"4498","ENO1-AS1","PGBObyQGBO"
"4504","AL592494.3","PGBObyQGBO"
"4513","Z97055.2","PGBObyQGBO"
"4518","KRT8","PGBObyQGBO"
"4522","AC007613.1","PGBObyQGBO"
"4525","AFDN-DT","PGBObyQGBO"
"4528","MOSMO","PGBObyQGBO"
"4531","AL513211.1","PGBObyQGBO"
"4533","AL450326.1","PGBObyQGBO"
"4534","AC009518.1","PGBObyQGBO"
"4537","HIST1H2BJ","PGBObyQGBO"
"4542","AL390955.1","PGBObyQGBO"
"4543","PHC2","PGBObyQGBO"
"4544","MIR4514","PGBObyQGBO"
"4548","AC233992.3","PGBObyQGBO"
"4549","CLMN","PGBObyQGBO"
"4551","TAS1R3","PGBObyQGBO"
"4558","AL109741.2","PGBObyQGBO"
"4562","AC005332.1","PGBObyQGBO"
"4566","AC020765.2","PGBObyQGBO"
"4568","AC138393.1","PGBObyQGBO"
"4571","CRISPLD2","PGBObyQGBO"
"4572","AL590096.1","PGBObyQGBO"
"4576","HOXD1","PGBObyQGBO"
"4578","PSMD6-AS2","PGBObyQGBO"
"4579","CALML6","PGBObyQGBO"
"4581","AL355598.1","PGBObyQGBO"
"4585","C8G","PGBObyQGBO"
"4588","RNF213","PGBObyQGBO"
"4591","ADAM1B","PGBObyQGBO"
"4596","NFAT5","PGBObyQGBO"
"4599","AC133134.1","PGBObyQGBO"
"4600","LINC01004","PGBObyQGBO"
"4601","SEM1P1","PGBObyQGBO"
"4603","TPRG1-AS1","PGBObyQGBO"
"4606","AL355574.1","PGBObyQGBO"
"4608","PIK3CD","PGBObyQGBO"
"4610","ANKK1","PGBObyQGBO"
"4614","CLTC","PGBObyQGBO"
"4615","AC010615.1","PGBObyQGBO"
"4619","E2F7","PGBObyQGBO"
"4620","AC110609.1","PGBObyQGBO"
"4625","STK17A","PGBObyQGBO"
"4627","HYAL1","PGBObyQGBO"
"4632","AL662907.1","PGBObyQGBO"
"4638","ZFHX4","PGBObyQGBO"
"4639","AC138150.1","PGBObyQGBO"
"4649","SGK1","PGBObyQGBO"
"4655","LINC00273","PGBObyQGBO"
"4657","AC080080.1","PGBObyQGBO"
"4662","MARF1","PGBObyQGBO"
"4665","FRMD6","PGBObyQGBO"
"4666","AP002414.4","PGBObyQGBO"
"4673","XPC","PGBObyQGBO"
"4676","AC091729.3","PGBObyQGBO"
"4677","AC067852.1","PGBObyQGBO"
"4681","WNK4","PGBObyQGBO"
"4682","EPS8","PGBObyQGBO"
"4683","CAMK2D","PGBObyQGBO"
"4684","CRIM1","PGBObyQGBO"
"4687","DUSP5","PGBObyQGBO"
"4688","AL138762.1","PGBObyQGBO"
"4690","COL19A1","PGBObyQGBO"
"4691","AP003733.4","PGBObyQGBO"
"4692","EGR2","PGBObyQGBO"
"4694","DGKI","PGBObyQGBO"
"4695","MTND3P17","PGBObyQGBO"
"4697","UQCRBP3","PGBObyQGBO"
"4700","AL035563.1","PGBObyQGBO"
"4702","AC096733.2","PGBObyQGBO"
"4704","MMP19","PGBObyQGBO"
"4706","LINC01291","PGBObyQGBO"
"4707","LSMEM1","PGBObyQGBO"
"4710","TRIM23","PGBObyQGBO"
"4711","NPAT","PGBObyQGBO"
"4712","AC067750.1","PGBObyQGBO"
"4713","ATP6V0E1P3","PGBObyQGBO"
"4715","SAMD4A","PGBObyQGBO"
"4720","AC006011.2","PGBObyQGBO"
"4721","AMOTL1","PGBObyQGBO"
"4722","FOXA3","PGBObyQGBO"
"4723","AL359258.3","PGBObyQGBO"
"4724","ABCA1","PGBObyQGBO"
"4726","AL109976.1","PGBObyQGBO"
"4729","GIPC3","PGBObyQGBO"
"4730","AC132872.2","PGBObyQGBO"
"4733","LRRC15","PGBObyQGBO"
"4736","AC105443.1","PGBObyQGBO"
"4737","FBLN7","PGBObyQGBO"
"4738","ATXN7","PGBObyQGBO"
"4742","PPIAP55","PGBObyQGBO"
"4745","DCDC2B","PGBObyQGBO"
"4747","AL078644.2","PGBObyQGBO"
"4750","DST","PGBObyQGBO"
"4751","AC012254.3","PGBObyQGBO"
"4752","FAM208A","PGBObyQGBO"
"4753","TP53TG3HP","PGBObyQGBO"
"4754","AC019118.1","PGBObyQGBO"
"4755","EDA2R","PGBObyQGBO"
"4759","HNRNPKP5","PGBObyQGBO"
"4763","CRIP1","PGBObyQGBO"
"4764","AL049796.1","PGBObyQGBO"
"4765","SNX9","PGBObyQGBO"
"4767","RANBP9","PGBObyQGBO"
"4768","AC099518.4","PGBObyQGBO"
"4770","PPL","PGBObyQGBO"
"4771","IKZF5","PGBObyQGBO"
"4773","AC002069.2","PGBObyQGBO"
"4774","C19orf57","PGBObyQGBO"
"4775","FANCD2","PGBObyQGBO"
"4776","AC074338.1","PGBObyQGBO"
"4778","C10orf90","PGBObyQGBO"
"4779","AC093627.3","PGBObyQGBO"
"4780","GAS1RR","PGBObyQGBO"
"4788","HAPLN1","PGBObyQGBO"
"4789","RBMS1","PGBObyQGBO"
"4791","AC020910.5","PGBObyQGBO"
"4793","COX6CP7","PGBObyQGBO"
"4794","CNFN","PGBObyQGBO"
"4799","RNU6-2","PGBObyQGBO"
"4801","ERVK13-1","PGBObyQGBO"
"4803","AC092611.2","PGBObyQGBO"
"4804","GJC3","PGBObyQGBO"
"4805","PAPD4","PGBObyQGBO"
"4806","IL13RA2","PGBObyQGBO"
"4811","RNVU1-6","PGBObyQGBO"
"4818","AC091941.1","PGBObyQGBO"
"4819","SLC12A5-AS1","PGBObyQGBO"
"4820","GPATCH2L","PGBObyQGBO"
"4823","NCOA3","PGBObyQGBO"
"4824","TOLLIP-AS1","PGBObyQGBO"
"4826","APC","PGBObyQGBO"
"4827","TRIM17","PGBObyQGBO"
"4828","AC104961.1","PGBObyQGBO"
"4829","ZCCHC6","PGBObyQGBO"
"4830","RPS15AP11","PGBObyQGBO"
"4831","ATP5PBP5","PGBObyQGBO"
"4832","SSH1","PGBObyQGBO"
"4834","PTP4A2","PGBObyQGBO"
"4835","ASPHD1","PGBObyQGBO"
"4839","MBNL1","PGBObyQGBO"
"4840","STAM2","PGBObyQGBO"
"4841","AP000350.5","PGBObyQGBO"
"4844","QRFP","PGBObyQGBO"
"4845","AC005829.1","PGBObyQGBO"
"4847","AC084876.2","PGBObyQGBO"
"4848","AF186190.1","PGBObyQGBO"
"4851","ROCK2","PGBObyQGBO"
"4854","MORF4L2-AS1","PGBObyQGBO"
"4856","FCGR2A","PGBObyQGBO"
"4857","ZBTB38","PGBObyQGBO"
"4860","HS3ST1","PGBObyQGBO"
"4861","NABP1","PGBObyQGBO"
"4863","FAM129A","PGBObyQGBO"
"4869","FAM238B","PGBObyQGBO"
"4873","THBS3","PGBObyQGBO"
"4874","AL138976.2","PGBObyQGBO"
"4876","FAM46B","PGBObyQGBO"
"4878","AL162497.1","PGBObyQGBO"
"4881","CNGA4","PGBObyQGBO"
"4882","LYST","PGBObyQGBO"
"4886","LINC00565","PGBObyQGBO"
"4888","MILR1","PGBObyQGBO"
"4889","RPS3AP24","PGBObyQGBO"
"4890","ZNF805","PGBObyQGBO"
"4891","F3","PGBObyQGBO"
"4892","GPAT3","PGBObyQGBO"
"4896","MAGIX","PGBObyQGBO"
"4900","PPARGC1A","PGBObyQGBO"
"4901","AC074019.1","PGBObyQGBO"
"4902","PDLIM5","PGBObyQGBO"
"4903","SPACA9","PGBObyQGBO"
"4906","AC098484.2","PGBObyQGBO"
"4909","SLC49A3","PGBObyQGBO"
"4912","AL357140.3","PGBObyQGBO"
"4915","EFCAB14","PGBObyQGBO"
"4916","FAM114A1","PGBObyQGBO"
"4917","MIR548AY","PGBObyQGBO"
"4918","CNIH3","PGBObyQGBO"
"4920","Z69706.1","PGBObyQGBO"
"4924","AC073136.2","PGBObyQGBO"
"4925","AL512604.2","PGBObyQGBO"
"4926","AC007391.1","PGBObyQGBO"
"4927","TMEM44-AS1","PGBObyQGBO"
"4929","AL589826.2","PGBObyQGBO"
"4933","TAS2R5","PGBObyQGBO"
"4934","BCL10","PGBObyQGBO"
"4935","NIFKP9","PGBObyQGBO"
"4936","MAFA-AS1","PGBObyQGBO"
"4937","AC010327.4","PGBObyQGBO"
"4938","CCSAP","PGBObyQGBO"
"4939","MSANTD2","PGBObyQGBO"
"4940","SEPHS1P4","PGBObyQGBO"
"4941","DICER1","PGBObyQGBO"
"4943","ANO4","PGBObyQGBO"
"4944","IGF2BP3","PGBObyQGBO"
"4945","SAMD14","PGBObyQGBO"
"4946","AC079148.1","PGBObyQGBO"
"4947","MALAT1","PGBObyQGBO"
"4948","IRX4","PGBObyQGBO"
"4949","AC068831.1","PGBObyQGBO"
"4951","ATP2C2-AS1","PGBObyQGBO"
"4952","TUBBP2","PGBObyQGBO"
"4953","AL096700.1","PGBObyQGBO"
"4954","SLC9A5","PGBObyQGBO"
"4955","ZFP69","PGBObyQGBO"
"4956","SEMA6D","PGBObyQGBO"
"4957","RNF182","PGBObyQGBO"
"4960","HOXA11-AS","PGBObyQGBO"
"4961","PROS1","PGBObyQGBO"
"4963","RAB40A","PGBObyQGBO"
"4964","ZSWIM8","PGBObyQGBO"
"4965","ZNF542P","PGBObyQGBO"
"4966","TANC1","PGBObyQGBO"
"4967","EPB41L2","PGBObyQGBO"
"4969","RNF224","PGBObyQGBO"
"4974","AC006026.1","PGBObyQGBO"
"4975","AFF3","PGBObyQGBO"
"4977","AC104958.2","PGBObyQGBO"
"4978","NFATC2","PGBObyQGBO"
"4980","GOLGA8S","PGBObyQGBO"
"4982","AC008429.2","PGBObyQGBO"
"4985","MAGEE2","PGBObyQGBO"
"4986","RBPMS","PGBObyQGBO"
"4988","SLC25A52","PGBObyQGBO"
"4997","RN7SL664P","PGBObyQGBO"
"4998","TCP11L2","PGBObyQGBO"
"4999","SP140L","PGBObyQGBO"
"5001","ERBIN","PGBObyQGBO"
"5004","TMTC3","PGBObyQGBO"
"5005","AC005261.5","PGBObyQGBO"
"5006","SOCS6","PGBObyQGBO"
"5008","AL390198.1","PGBObyQGBO"
"5010","AC104695.2","PGBObyQGBO"
"5011","HLA-DMA","PGBObyQGBO"
"5013","ZNF396","PGBObyQGBO"
"5014","AP000845.1","PGBObyQGBO"
"5015","PTPRH","PGBObyQGBO"
"5016","DSG2","PGBObyQGBO"
"5017","AC136944.1","PGBObyQGBO"
"5019","PRSS33","PGBObyQGBO"
"5020","C17orf100","PGBObyQGBO"
"5022","AL136968.1","PGBObyQGBO"
"5024","RNF217","PGBObyQGBO"
"5025","AL023280.1","PGBObyQGBO"
"5026","PFKFB3","PGBObyQGBO"
"5029","PLOD2","PGBObyQGBO"
"5030","TSTD2","PGBObyQGBO"
"5033","ZNF606","PGBObyQGBO"
"5036","LINC00941","PGBObyQGBO"
"5037","KAT2B","PGBObyQGBO"
"5039","RGL1","PGBObyQGBO"
"5040","SH3RF3-AS1","PGBObyQGBO"
"5041","EGFL7","PGBObyQGBO"
"5043","OTUD7B","PGBObyQGBO"
"5044","ELOVL2","PGBObyQGBO"
"5045","APH1B","PGBObyQGBO"
"5046","LRRFIP2","PGBObyQGBO"
"5050","AL136295.1","PGBObyQGBO"
"5051","AL138724.1","PGBObyQGBO"
"5054","CA2","PGBObyQGBO"
"5055","ZBTB43","PGBObyQGBO"
"5056","AC008736.2","PGBObyQGBO"
"5058","KIF16B","PGBObyQGBO"
"5060","HAS2-AS1","PGBObyQGBO"
"5061","AC010618.3","PGBObyQGBO"
"5062","AC025809.1","PGBObyQGBO"
"5063","ARL17A","PGBObyQGBO"
"5065","PLAT","PGBObyQGBO"
"5066","ZNF441","PGBObyQGBO"
"5067","NDUFA4L2","PGBObyQGBO"
"5068","AL138921.1","PGBObyQGBO"
"5071","RECQL","PGBObyQGBO"
"5072","ZSCAN12","PGBObyQGBO"
"5074","AC080078.2","PGBObyQGBO"
"5075","EFCAB13","PGBObyQGBO"
"5080","HAPLN3","PGBObyQGBO"
"5081","ATXN1","PGBObyQGBO"
"5082","PLEKHA1","PGBObyQGBO"
"5084","ICAM1","PGBObyQGBO"
"5087","PRRT3","PGBObyQGBO"
"5088","AL021407.3","PGBObyQGBO"
"5089","AC004865.2","PGBObyQGBO"
"5090","PTPN21","PGBObyQGBO"
"5091","AC024937.2","PGBObyQGBO"
"5092","AC027644.1","PGBObyQGBO"
"5093","AL031777.3","PGBObyQGBO"
"5095","CETN4P","PGBObyQGBO"
"5097","AC138207.3","PGBObyQGBO"
"5098","LINC00648","PGBObyQGBO"
"5100","RGL3","PGBObyQGBO"
"5101","AC100827.5","PGBObyQGBO"
"5102","FMNL2","PGBObyQGBO"
"5104","TMEM225B","PGBObyQGBO"
"5105","GCC2-AS1","PGBObyQGBO"
"5106","DACT1","PGBObyQGBO"
"5107","UXT-AS1","PGBObyQGBO"
"5108","AC013451.2","PGBObyQGBO"
"5109","FAM238C","PGBObyQGBO"
"5111","SALRNA2","PGBObyQGBO"
"5112","TERT","PGBObyQGBO"
"5115","EIF2S2P3","PGBObyQGBO"
"5116","FNDC3A","PGBObyQGBO"
"5117","AC092933.1","PGBObyQGBO"
"5118","HIST1H4C","PGBObyQGBO"
"5119","MANEA-AS1","PGBObyQGBO"
"5122","PER3","PGBObyQGBO"
"5124","VPREB3","PGBObyQGBO"
"5125","MIR193BHG","PGBObyQGBO"
"5127","PPP1CB","PGBObyQGBO"
"5128","LINC00957","PGBObyQGBO"
"5129","LIMS1","PGBObyQGBO"
"5132","AC073611.1","PGBObyQGBO"
"5134","PCNX2","PGBObyQGBO"
"5140","AHRR","PGBObyQGBO"
"5141","ZNF160","PGBObyQGBO"
"5142","AC068870.2","PGBObyQGBO"
"5143","DCBLD2","PGBObyQGBO"
"5145","CSF1","PGBObyQGBO"
"5146","KCNK10","PGBObyQGBO"
"5148","CLIC6","PGBObyQGBO"
"5150","ACTN2","PGBObyQGBO"
"5154","AC069499.1","PGBObyQGBO"
"5156","AC130371.2","PGBObyQGBO"
"5157","TNFRSF14","PGBObyQGBO"
"5159","EBF3","PGBObyQGBO"
"5160","LINC02163","PGBObyQGBO"
"5161","AC009812.1","PGBObyQGBO"
"5162","IL17RB","PGBObyQGBO"
"5163","AP001107.9","PGBObyQGBO"
"5164","KLC1","PGBObyQGBO"
"5165","MIAT","PGBObyQGBO"
"5167","SPRED3","PGBObyQGBO"
"5168","ARMCX5","PGBObyQGBO"
"5170","ESYT2","PGBObyQGBO"
"5171","AL118511.1","PGBObyQGBO"
"5172","PGGHG","PGBObyQGBO"
"5173","AC025048.4","PGBObyQGBO"
"5174","RBM26-AS1","PGBObyQGBO"
"5175","AP003469.4","PGBObyQGBO"
"5176","ZNF439","PGBObyQGBO"
"5177","DUSP8","PGBObyQGBO"
"5178","TCAF1P1","PGBObyQGBO"
"5179","THOC7","PGBObyQGBO"
"5180","SLC30A3","PGBObyQGBO"
"5181","KNTC1","PGBObyQGBO"
"5184","MAP3K5","PGBObyQGBO"
"5185","CNTF","PGBObyQGBO"
"5187","AL049612.1","PGBObyQGBO"
"5190","MT-ATP8","PGBObyQGBO"
"5191","GALNT6","PGBObyQGBO"
"5192","DLG1","PGBObyQGBO"
"5193","SIPA1L2","PGBObyQGBO"
"5194","LINC01465","PGBObyQGBO"
"5195","AC137695.2","PGBObyQGBO"
"5196","AP5B1","PGBObyQGBO"
"5197","CAV2","PGBObyQGBO"
"5198","PXDN","PGBObyQGBO"
"5199","LINC00638","PGBObyQGBO"
"5200","NCK1-AS1","PGBObyQGBO"
"5202","AC104447.1","PGBObyQGBO"
"5203","AC074134.1","PGBObyQGBO"
"5204","GLI4","PGBObyQGBO"
"5206","C21orf58","PGBObyQGBO"
"5207","HOXC-AS3","PGBObyQGBO"
"5208","AC073585.1","PGBObyQGBO"
"5211","KCNC4-AS1","PGBObyQGBO"
"5212","STX3","PGBObyQGBO"
"5213","RGS9BP","PGBObyQGBO"
"5214","NOV","PGBObyQGBO"
"5216","HCG27","PGBObyQGBO"
"5217","AC133963.1","PGBObyQGBO"
"5219","RNU1-89P","PGBObyQGBO"
"5220","AC114684.1","PGBObyQGBO"
"5221","MSTO2P","PGBObyQGBO"
"5222","AL451064.2","PGBObyQGBO"
"5223","CAMTA1-DT","PGBObyQGBO"
"5224","POC1B-AS1","PGBObyQGBO"
"5225","AC006058.2","PGBObyQGBO"
"5226","TANK","PGBObyQGBO"
"5227","LRP11","PGBObyQGBO"
"5230","AL160291.1","PGBObyQGBO"
"5231","CKAP2L","PGBObyQGBO"
"5232","AC091932.3","PGBObyQGBO"
"5234","AC098934.2","PGBObyQGBO"
"5235","RAD18","PGBObyQGBO"
"5236","CHRNG","PGBObyQGBO"
"5237","EPAS1","PGBObyQGBO"
"5240","CAVIN4","PGBObyQGBO"
"5242","SLC6A9","PGBObyQGBO"
"5243","AC135506.1","PGBObyQGBO"
"5245","ZNF217","PGBObyQGBO"
"5246","AL135818.2","PGBObyQGBO"
"5247","QRICH2","PGBObyQGBO"
"5249","ZNF469","PGBObyQGBO"
"5250","PCSK4","PGBObyQGBO"
"5251","AC092171.3","PGBObyQGBO"
"5252","RPS20P10","PGBObyQGBO"
"5253","PSMC2","PGBObyQGBO"
"5254","AC007325.4","PGBObyQGBO"
"5255","GDPD3","PGBObyQGBO"
"5256","MAP3K9","PGBObyQGBO"
"5258","AL021937.1","PGBObyQGBO"
"5259","TMEM185B","PGBObyQGBO"
"5260","SEPT5","PGBObyQGBO"
"5261","ACRV1","PGBObyQGBO"
"5263","ODF3L1","PGBObyQGBO"
"5264","TNFSF9","PGBObyQGBO"
"5265","EDEM3","PGBObyQGBO"
"5266","LBH","PGBObyQGBO"
"5268","CHM","PGBObyQGBO"
"5270","AC015922.4","PGBObyQGBO"
"5271","EFHC1","PGBObyQGBO"
"5272","NTSR1","PGBObyQGBO"
"5273","PPP1R26-AS1","PGBObyQGBO"
"5274","CAPN10-AS1","PGBObyQGBO"
"5275","TWIST1","PGBObyQGBO"
"5277","AC092681.2","PGBObyQGBO"
"5278","THAP9","PGBObyQGBO"
"5279","AC100823.2","PGBObyQGBO"
"5281","AP001029.1","PGBObyQGBO"
"5282","RASIP1","PGBObyQGBO"
"5283","PATE3","PGBObyQGBO"
"5285","ESYT3","PGBObyQGBO"
"5287","KRTCAP3","PGBObyQGBO"
"5290","EPS8L1","PGBObyQGBO"
"5291","SLC8B1","PGBObyQGBO"
"5293","AL390719.1","PGBObyQGBO"
"5294","VAMP4","PGBObyQGBO"
"5295","DLC1","PGBObyQGBO"
"5299","AC147651.1","PGBObyQGBO"
"5300","MCC","PGBObyQGBO"
"5301","DOCK5","PGBObyQGBO"
"5303","C2orf92","PGBObyQGBO"
"5305","ZNF16","PGBObyQGBO"
"5306","SLC4A7","PGBObyQGBO"
"5307","AMOTL2","PGBObyQGBO"
"5310","VIM-AS1","PGBObyQGBO"
"5311","MGLL","PGBObyQGBO"
"5314","FEN1","PGBObyQGBO"
"5315","HOMER2","PGBObyQGBO"
"5316","PPM1N","PGBObyQGBO"
"5317","CEP83-AS1","PGBObyQGBO"
"5318","DDX12P","PGBObyQGBO"
"5319","GTF2H2C","PGBObyQGBO"
"5321","AL118506.1","PGBObyQGBO"
"5322","AC026367.1","PGBObyQGBO"
"5324","AC099811.3","PGBObyQGBO"
"5326","AC026803.2","PGBObyQGBO"
"5327","CSGALNACT2","PGBObyQGBO"
"5330","HID1","PGBObyQGBO"
"5332","CD59","PGBObyQGBO"
"5333","AC133552.2","PGBObyQGBO"
"5334","PPIAP87","PGBObyQGBO"
"5335","SASS6","PGBObyQGBO"
"5337","AL022328.4","PGBObyQGBO"
"5338","TRPM4","PGBObyQGBO"
"5339","GLB1L3","PGBObyQGBO"
"5342","ARHGAP33","PGBObyQGBO"
"5346","POU6F1","PGBObyQGBO"
"5347","SLC26A6","PGBObyQGBO"
"5352","RN7SL832P","PGBObyQGBO"
"5353","MAPK11","PGBObyQGBO"
"5354","AC022211.2","PGBObyQGBO"
"5356","AC114490.3","PGBObyQGBO"
"5357","ZNF83","PGBObyQGBO"
"5359","ACTG1P17","PGBObyQGBO"
"5360","CHDH","PGBObyQGBO"
"5361","TRIM60P17","PGBObyQGBO"
"5362","AC006987.2","PGBObyQGBO"
"5363","ERFE","PGBObyQGBO"
"5364","SH3BP5-AS1","PGBObyQGBO"
"5365","AC008610.1","PGBObyQGBO"
"5366","TPCN1","PGBObyQGBO"
"5367","RPS26P49","PGBObyQGBO"
"5368","AP000350.4","PGBObyQGBO"
"5369","CACNA1G","PGBObyQGBO"
"5370","LRIF1","PGBObyQGBO"
"5374","AC139795.3","PGBObyQGBO"
"5377","FCGR2C","PGBObyQGBO"
"5379","AC017100.1","PGBObyQGBO"
"5380","RPSAP8","PGBObyQGBO"
"5381","RAD51-AS1","PGBObyQGBO"
"5382","MASTL","PGBObyQGBO"
"5383","PCDHB15","PGBObyQGBO"
"5384","LMNTD2","PGBObyQGBO"
"5385","AC010422.2","PGBObyQGBO"
"5386","ST6GALNAC4P1","PGBObyQGBO"
"5387","AOC3","PGBObyQGBO"
"5388","CA13","PGBObyQGBO"
"5390","MYH7B","PGBObyQGBO"
"5391","SLC12A4","PGBObyQGBO"
"5392","AL359715.2","PGBObyQGBO"
"5393","TBX6","PGBObyQGBO"
"5395","ZBTB47","PGBObyQGBO"
"5396","HMGA2","PGBObyQGBO"
"5397","PPIAP34","PGBObyQGBO"
"5399","PRPF40B","PGBObyQGBO"
"5400","AL591684.1","PGBObyQGBO"
"5401","MATN1-AS1","PGBObyQGBO"
"5402","MICD","PGBObyQGBO"
"5404","SLC7A1","PGBObyQGBO"
"5406","SYT14","PGBObyQGBO"
"5407","AL079342.3","PGBObyQGBO"
"5408","AC018845.3","PGBObyQGBO"
"5409","AC022916.1","PGBObyQGBO"
"5410","AL355987.5","PGBObyQGBO"
"5411","AP001160.2","PGBObyQGBO"
"5412","BMP2","PGBObyQGBO"
"5414","AL023583.1","PGBObyQGBO"
"5415","HCG4B","PGBObyQGBO"
"5416","SLC7A11","PGBObyQGBO"
"5417","GPT","PGBObyQGBO"
"5418","MYCBPAP","PGBObyQGBO"
"5420","RPL21P132","PGBObyQGBO"
"5421","AC141557.1","PGBObyQGBO"
"5422","AC008269.1","PGBObyQGBO"
"5423","AC138393.2","PGBObyQGBO"
"5424","PODNL1","PGBObyQGBO"
"5425","AC123912.1","PGBObyQGBO"
"5426","TMEM43","PGBObyQGBO"
"5427","AL360093.1","PGBObyQGBO"
"5428","KRTAP5-9","PGBObyQGBO"
"5430","AL391646.1","PGBObyQGBO"
"5431","ZFP37","PGBObyQGBO"
"5433","ABCA4","PGBObyQGBO"
"5434","NTRK3","PGBObyQGBO"
"5435","GEMIN7-AS1","PGBObyQGBO"
"5436","MTMR10","PGBObyQGBO"
"5438","AC006538.2","PGBObyQGBO"
"5440","IL17RE","PGBObyQGBO"
"5442","EXOC3L1","PGBObyQGBO"
"5443","S100A2","PGBObyQGBO"
"5444","AL670729.1","PGBObyQGBO"
"5445","TMEM86A","PGBObyQGBO"
"5448","AL096803.3","PGBObyQGBO"
"5449","LINC01979","PGBObyQGBO"
"5450","BCAP31P1","PGBObyQGBO"
"5454","AP004609.3","PGBObyQGBO"
"5455","TMEM220","PGBObyQGBO"
"5456","AL157400.3","PGBObyQGBO"
"5457","AKR1C1","PGBObyQGBO"
"5458","PAQR7","PGBObyQGBO"
"5459","RPL19P21","PGBObyQGBO"
"5460","GUCA1B","PGBObyQGBO"
"5461","HMGA1P1","PGBObyQGBO"
"5462","PLAG1","PGBObyQGBO"
"5465","EIF4E3","PGBObyQGBO"
"5468","IMPDH1P8","PGBObyQGBO"
"5469","LRRC56","PGBObyQGBO"
"5470","MCPH1-AS1","PGBObyQGBO"
"5471","AC087283.1","PGBObyQGBO"
"5472","OVAAL","PGBObyQGBO"
"5473","MUS81","PGBObyQGBO"
"5475","THRB","PGBObyQGBO"
"5476","LZTS1","PGBObyQGBO"
"5477","MIER3","PGBObyQGBO"
"5478","PHF7","PGBObyQGBO"
"5479","MT-CYB","PGBObyQGBO"
"5480","STAG3","PGBObyQGBO"
"5481","AC009955.2","PGBObyQGBO"
"5482","TTLL7","PGBObyQGBO"
"5483","IFNGR2","PGBObyQGBO"
"5484","AC025594.3","PGBObyQGBO"
"5485","SYT11","PGBObyQGBO"
"5486","MT-ATP6","PGBObyQGBO"
"5487","AL121906.2","PGBObyQGBO"
"5489","LINC01521","PGBObyQGBO"
"5490","HSD17B13","PGBObyQGBO"
"5491","AC006987.1","PGBObyQGBO"
"5492","CARS","PGBObyQGBO"
"5493","SBSN","PGBObyQGBO"
"5494","RPS20P14","PGBObyQGBO"
"5496","PRRX2","PGBObyQGBO"
"5497","AC008537.1","PGBObyQGBO"
"5498","SYT12","PGBObyQGBO"
"5499","LINC00963","PGBObyQGBO"
"5501","AL445248.1","PGBObyQGBO"
"5502","NOTUM","PGBObyQGBO"
"5504","XIST","PGBObyQGBO"
"5505","SPHK1","PGBObyQGBO"
"5506","AC120049.1","PGBObyQGBO"
"5507","KIAA1522","PGBObyQGBO"
"5508","OSGEPL1","PGBObyQGBO"
"5509","SLC6A15","PGBObyQGBO"
"5510","AL158152.2","PGBObyQGBO"
"5511","NREP","PGBObyQGBO"
"5512","RAET1G","PGBObyQGBO"
"5513","AUNIP","PGBObyQGBO"
"5515","RPL41P1","PGBObyQGBO"
"5517","HHIPL1","PGBObyQGBO"
"5520","PRKAG2-AS1","PGBObyQGBO"
"5524","CCDC9B","PGBObyQGBO"
"5525","LINC00634","PGBObyQGBO"
"5526","OPRL1","PGBObyQGBO"
"5528","IRGQ","PGBObyQGBO"
"5529","ANKRD18DP","PGBObyQGBO"
"5530","MYO1E","PGBObyQGBO"
"5531","AC037450.1","PGBObyQGBO"
"5532","MT-ND3","PGBObyQGBO"
"5533","AP001471.1","PGBObyQGBO"
"5535","LINC01836","PGBObyQGBO"
"5538","SH3BP5","PGBObyQGBO"
"5539","AC103760.1","PGBObyQGBO"
"5540","MIR22HG","PGBObyQGBO"
"5542","RNU6-891P","PGBObyQGBO"
"5543","UQCRHP1","PGBObyQGBO"
"5544","MPP4","PGBObyQGBO"
"5545","AC098934.4","PGBObyQGBO"
"5547","SLC4A11","PGBObyQGBO"
"5548","AC239804.1","PGBObyQGBO"
"5549","ATP8B3","PGBObyQGBO"
"5550","AXIN2","PGBObyQGBO"
"5552","TBXA2R","PGBObyQGBO"
"5553","AZGP1","PGBObyQGBO"
"5554","ATP6AP1L","PGBObyQGBO"
"5556","FAM111B","PGBObyQGBO"
"5557","AC016168.2","PGBObyQGBO"
"5559","AC209007.1","PGBObyQGBO"
"5561","TRAC","PGBObyQGBO"
"5562","AL157888.1","PGBObyQGBO"
"5563","AC026150.1","PGBObyQGBO"
"5564","HEXIM1","PGBObyQGBO"
"5565","TUBB2BP1","PGBObyQGBO"
"5566","SIPA1","PGBObyQGBO"
"5569","KRT18","PGBObyQGBO"
"5570","AC026333.4","PGBObyQGBO"
"5571","MT-ND5","PGBObyQGBO"
"5572","LUCAT1","PGBObyQGBO"
"5573","ADAMTS13","PGBObyQGBO"
"5574","LHX6","PGBObyQGBO"
"5575","FOXCUT","PGBObyQGBO"
"5576","ACTN1-AS1","PGBObyQGBO"
"5577","MAMDC4","PGBObyQGBO"
"5579","C22orf15","PGBObyQGBO"
"5580","PPIAP3","PGBObyQGBO"
"5581","C11orf94","PGBObyQGBO"
"5582","MT-ND4","PGBObyQGBO"
"5584","FBXL7","PGBObyQGBO"
"5587","ASNSP1","PGBObyQGBO"
"5589","EMILIN2","PGBObyQGBO"
"5590","IGLVIVOR22-1","PGBObyQGBO"
"5591","AC092620.3","PGBObyQGBO"
"5592","AP001266.2","PGBObyQGBO"
"5593","TCF19","PGBObyQGBO"
"5594","PEBP1P2","PGBObyQGBO"
"5596","TBC1D24","PGBObyQGBO"
"5597","NIPAL2","PGBObyQGBO"
"5598","SH3PXD2A","PGBObyQGBO"
"5600","SSTR5-AS1","PGBObyQGBO"
"5601","TRIP10","PGBObyQGBO"
"5602","AL365361.1","PGBObyQGBO"
"5603","SLC12A6","PGBObyQGBO"
"5604","AC120024.1","PGBObyQGBO"
"5605","SCNN1D","PGBObyQGBO"
"5607","AL355922.3","PGBObyQGBO"
"5608","AC099669.1","PGBObyQGBO"
"5611","AC005014.2","PGBObyQGBO"
"5614","SEMA5A","PGBObyQGBO"
"5615","ITIH5","PGBObyQGBO"
"5616","AP000442.1","PGBObyQGBO"
"5617","AC026691.1","PGBObyQGBO"
"5619","UBE2E1-AS1","PGBObyQGBO"
"5626","CFL1P2","PGBObyQGBO"
"5627","RNU7-134P","PGBObyQGBO"
"5628","ADAM11","PGBObyQGBO"
"5630","SLC20A1","PGBObyQGBO"
"5631","DPP7","PGBObyQGBO"
"5632","AC138932.1","PGBObyQGBO"
"5633","BAALC","PGBObyQGBO"
"5634","AL049732.1","PGBObyQGBO"
"5636","MVP","PGBObyQGBO"
"5637","MIR548Y","PGBObyQGBO"
"5638","TLR3","PGBObyQGBO"
"5639","CCDC17","PGBObyQGBO"
"5640","MKNK1","PGBObyQGBO"
"5641","FGFR3","PGBObyQGBO"
"5643","SNAP23P1","PGBObyQGBO"
"5645","EPX","PGBObyQGBO"
"5649","AC073342.3","PGBObyQGBO"
"5651","HS3ST3A1","PGBObyQGBO"
"5652","WWTR1","PGBObyQGBO"
"5653","PIDD1","PGBObyQGBO"
"5654","SRRM2-AS1","PGBObyQGBO"
"5655","AC108667.1","PGBObyQGBO"
"5656","LIN7A","PGBObyQGBO"
"5657","MT-ND2","PGBObyQGBO"
"5658","AC126614.1","PGBObyQGBO"
"5659","AC009163.2","PGBObyQGBO"
"5660","PLK2","PGBObyQGBO"
"5662","MPZL3","PGBObyQGBO"
"5663","TM4SF1","PGBObyQGBO"
"5664","ATP5MFP5","PGBObyQGBO"
"5666","NOP14","PGBObyQGBO"
"5667","ZNF784","PGBObyQGBO"
"5668","PNRC2P1","PGBObyQGBO"
"5669","AL139161.1","PGBObyQGBO"
"5670","RN7SL265P","PGBObyQGBO"
"5672","MTDHP4","PGBObyQGBO"
"5673","CD207","PGBObyQGBO"
"5675","AC005840.1","PGBObyQGBO"
"5676","SNRPCP3","PGBObyQGBO"
"5677","ZNF367","PGBObyQGBO"
"5678","MEIS1-AS3","PGBObyQGBO"
"5679","AL136162.1","PGBObyQGBO"
"5681","CTHRC1","PGBObyQGBO"
"5682","RPL12P50","PGBObyQGBO"
"5683","RPL34P18","PGBObyQGBO"
"5685","AC021483.1","PGBObyQGBO"
"5686","PPIAP81","PGBObyQGBO"
"5687","MSANTD3-TMEFF1","PGBObyQGBO"
"5688","RAB5CP2","PGBObyQGBO"
"5689","MT-ND6","PGBObyQGBO"
"5691","NBL1","PGBObyQGBO"
"5692","PTGES3P4","PGBObyQGBO"
"5693","NALT1","PGBObyQGBO"
"5694","CP","PGBObyQGBO"
"5696","AL137798.1","PGBObyQGBO"
"5697","RAB25","PGBObyQGBO"
"5698","PSMA2P1","PGBObyQGBO"
"5699","GDPD2","PGBObyQGBO"
"5700","RN7SL787P","PGBObyQGBO"
"5702","MCAM","PGBObyQGBO"
"5703","HCG15","PGBObyQGBO"
"5704","RHPN1","PGBObyQGBO"
"5705","DBF4P1","PGBObyQGBO"
"5706","RSPH9","PGBObyQGBO"
"5707","TBC1D8","PGBObyQGBO"
"5708","NPM1P9","PGBObyQGBO"
"5709","TPSG1","PGBObyQGBO"
"5710","ELMO2","PGBObyQGBO"
"5711","AL121823.1","PGBObyQGBO"
"5712","NPIPB12","PGBObyQGBO"
"5713","AL591167.1","PGBObyQGBO"
"5714","CD160","PGBObyQGBO"
"5715","SAMD9L","PGBObyQGBO"
"5716","TLR5","PGBObyQGBO"
"5717","AC016405.3","PGBObyQGBO"
"5718","KLHL28","PGBObyQGBO"
"5719","NCCRP1","PGBObyQGBO"
"5720","CEP70","PGBObyQGBO"
"5721","MARS","PGBObyQGBO"
"5723","AC002451.1","PGBObyQGBO"
"5724","UCN","PGBObyQGBO"
"5726","AC010203.2","PGBObyQGBO"
"5727","AQP1","PGBObyQGBO"
"5729","AC141928.1","PGBObyQGBO"
"5730","CDC42EP5","PGBObyQGBO"
"5731","KCNMB3","PGBObyQGBO"
"5732","AQP7P1","PGBObyQGBO"
"5733","TXNP4","PGBObyQGBO"
"5735","CDCA4","PGBObyQGBO"
"5736","COL5A3","PGBObyQGBO"
"5737","TOP3BP1","PGBObyQGBO"
"5738","TREX2","PGBObyQGBO"
"5739","U2AF1L5","PGBObyQGBO"
"5740","PPIAP74","PGBObyQGBO"
"5742","AF131215.7","PGBObyQGBO"
"5745","GDF15","PGBObyQGBO"
"5747","AKAP12","PGBObyQGBO"
"5748","HIST1H2APS5","PGBObyQGBO"
"5749","AC024243.1","PGBObyQGBO"
"5750","AC016700.2","PGBObyQGBO"
"5751","MIR5695","PGBObyQGBO"
"5752","FAM83C-AS1","PGBObyQGBO"
"5753","YTHDF3-AS1","PGBObyQGBO"
"5755","BCL2L10","PGBObyQGBO"
"5757","AC110048.2","PGBObyQGBO"
"5759","AL008723.3","PGBObyQGBO"
"5760","AC026954.1","PGBObyQGBO"
"5761","NUDT18","PGBObyQGBO"
"5762","AL133215.3","PGBObyQGBO"
"5763","RPL21P131","PGBObyQGBO"
"5764","AL138966.2","PGBObyQGBO"
"5765","AC135586.2","PGBObyQGBO"
"5766","DYNLL1P4","PGBObyQGBO"
"5768","PPIAP54","PGBObyQGBO"
"5769","AP001527.2","PGBObyQGBO"
"5770","TAS2R42","PGBObyQGBO"
"5771","AL031073.1","PGBObyQGBO"
"5772","HCFC2P1","PGBObyQGBO"
"5774","AL353764.1","PGBObyQGBO"
"5775","RNA5SP146","PGBObyQGBO"
"5776","Z99916.1","PGBObyQGBO"
"5777","ZWINT","PGBObyQGBO"
"5778","AP000529.1","PGBObyQGBO"
"5779","APCS","PGBObyQGBO"
"5780","WBP2P1","PGBObyQGBO"
"5781","SNORD3B-1","PGBObyQGBO"
"5782","AL355355.2","PGBObyQGBO"
"5784","HES4","PGBObyQGBO"
"6246","AP000759.1","PGBObyQGBO"
"6255","CCDC14","PGBObyQGBO"
"6293","KIAA1143","PGBObyQGBO"
"6405","ZNF416","PGBObyQGBO"
"6593","RFXAP","PGBObyQGBO"
"6630","ZNF776","PGBObyQGBO"
"6670","SLC38A2","PGBObyQGBO"
"6713","AC073389.1","PGBObyQGBO"
"6728","TTC32","PGBObyQGBO"
"6775","HSP90AA2P","PGBObyQGBO"
"6794","CTSA","PGBObyQGBO"
"6855","FGD5-AS1","PGBObyQGBO"
"6862","UAP1L1","PGBObyQGBO"
